<?xml version="1.0" encoding="UTF-8"?>
<project-private xmlns="http://www.netbeans.org/ns/project-private/1">
    <editor-bookmarks xmlns="http://www.netbeans.org/ns/editor-bookmarks/2" lastBookmarkId="0"/>
    <open-files xmlns="http://www.netbeans.org/ns/projectui-open-files/2">
        <group>
            <file>file:/Users/lythanhphat9523/NetBeansProjects/DoAnJava/src/doanjava/GiaoDienDNSinhVien.java</file>
            <file>file:/Users/lythanhphat9523/NetBeansProjects/DoAnJava/src/doanjava/GiaoDienGiangVien.java</file>
            <file>file:/Users/lythanhphat9523/NetBeansProjects/DoAnJava/src/doanjava/GiaoDienSinhVien.java</file>
            <file>file:/Users/lythanhphat9523/NetBeansProjects/DoAnJava/src/doanjava/main.java</file>
        </group>
    </open-files>
</project-private>
