<?xml version="1.0" encoding="UTF-8"?>
<project-private xmlns="http://www.netbeans.org/ns/project-private/1">
    <editor-bookmarks xmlns="http://www.netbeans.org/ns/editor-bookmarks/2" lastBookmarkId="0"/>
    <open-files xmlns="http://www.netbeans.org/ns/projectui-open-files/2">
        <group>
            <file>file:/Users/lythanhphat9523/NetBeansProjects/DoAnJava/src/GUI/GiaoDienDNSinhVien.java</file>
            <file>file:/Users/lythanhphat9523/NetBeansProjects/DoAnJava/src/DAO/GiangVienDAO.java</file>
            <file>file:/Users/lythanhphat9523/NetBeansProjects/DoAnJava/src/DAO/MonHocDAO.java</file>
            <file>file:/Users/lythanhphat9523/NetBeansProjects/DoAnJava/src/DTO/SinhVien.java</file>
            <file>file:/Users/lythanhphat9523/NetBeansProjects/DoAnJava/src/DTO/PhongHoc.java</file>
            <file>file:/Users/lythanhphat9523/NetBeansProjects/DoAnJava/src/DTO/MonHoc.java</file>
            <file>file:/Users/lythanhphat9523/NetBeansProjects/DoAnJava/src/GUI/GiaoDienSinhVien.java</file>
            <file>file:/Users/lythanhphat9523/NetBeansProjects/DoAnJava/src/GUI/GiaoDienQuanLy.java</file>
            <file>file:/Users/lythanhphat9523/NetBeansProjects/DoAnJava/src/DAO/PhongHocDAO.java</file>
        </group>
    </open-files>
</project-private>
